AncSarbecovirus_MAP,NITNLCPFGEVFNATSFPSVYAWERMRISNCVADYSVLYNSSSSFSTFKCYGVSPTKLNDLCFSSVYADYFVVKGDDVRQIAPAQTGVIADYNYKLPDDFTGCVIAWNTNSLDSSS--GNNFFYRLFRHGKIKPYERDISNVLYNPAGGTCSSIEGLNCYKPLKSYGFTPTSGVGYQPYRVVVLSFELLNAPATVCGPKQST
AncSarbecovirus_altALL,NITNLCPFGEVFNATTFPSVYAWERLRISNCVADYSVLYNSSASFSTFKCYGVSPTKLNDLCFSSVYADYFVVKGDDVRQIAPAQTGVIADYNYKLPDDFTGCVLAWNTNSLDSKSSGGNNFFYRRFRHGKIKPYERDISNVLYNPSGQTCSAVSGLNCYEPLKSYGFTPTTGVGYQPYRVVVLSFELLNAPATVCGPKQST
AncSarbecovirus_alt1_ins117ins118,NITNLCPFGEVFNATSFPSVYAWERMRISNCVADYSVLYNSSSSFSTFKCYGVSPTKLNDLCFSSVYADYFVVKGDDVRQIAPAQTGVIADYNYKLPDDFTGCVIAWNTNSLDSSSSGGNNFFYRLFRHGKIKPYERDISNVLYNPAGGTCSSIEGLNCYKPLKSYGFTPTSGVGYQPYRVVVLSFELLNAPATVCGPKQST
AncSarbecovirus_tree1,NITNLCPFGEVFNATTFPSVYAWERMRISNCVADYSVLYNSSSSFSTFKCYGVSPTKLNDLCFSSVYADYFVVKGDDVRQIAPAQTGVIADYNYKLPDDFTGCVLAWNTNSLDSSS--GNNFFYRLFRHGKIKPYERDISNVLYNPAGGTCSSIEGLNCYKPLKSYGFTPTSGVGYQPYRVVVLSFELLNAPATVCGPKQST
AncEurAf_altALL,NITNLCPFGEVFNATTFPSVYAWERLRISNCVADYSVLYNSSASFSTFKCYGVSPTKLNDLCFSSVYADYFVVKGDDVRQIAPAQTGVIADYNYKLPDDFTGCVLAWNTNSLDSKS-GGNNFFYRRFRHGKIKPYERDISNVLYNPSGGTCSAVSGLNCYEPLKSYGFTPTTGVGYQPYRVVVLSFELLNAPATVCGPKKST
AncEurAf_tree1,NITNLCPFGEVFNATSFPSVYAWERMRISNCVADYSVLYNSSSSFSTFKCYGVSPTKLNDLCFSSVYADYFVVKGDDVRQIAPAQTGVIADYNYKLPDDFTGCVLAWNTNSLDSSS--GNNFFYRLFRHGKIKPYERDISNVLYNPAGGTCSSIEGLNCYKPLKSYGFTPTSGVGYQPYRVVVLSFELLNAPATVCGPKQST
AncAsia_MAP,NITNLCPFGEVFNATTFPSVYAWERKRISNCVADYSVLYNST-SFSTFKCYGVSPTKLNDLCFSNVYADSFVVKGDDVRQIAPGQTGVIADYNYKLPDDFTGCVIAWNTNNLDSSSSGNYNYLYRLFRHSKLKPFERDISNEIYSPGGQPCSGVEGFNCYYPLQSYGFHPTTGVGYQPYRVVVLSFELLNAPATVCGPKLST
AncAsia_altALL,NITNLCPFGEVFNATTFPSVYAWERKRISNCVADYSVLYNST-SFSTFKCYGVSPTKLNDLCFTNVYADSFVVKGDDVRQIAPGQTGVIADYNYKLPDDFTGCVIAWNTNSLDSSTGGNYNYLYRSFRKSKLKPFERDISNDIYNPGGTPCSGVVGLNCYYPLKSYGFHPTNGVGYQPYRVVVLSFELLNAPATVCGPKLST
AncAsia_tree1,NITNLCPFGEVFNATTFPSVYAWERKRISNCVADYSVLYNST-SFSTFKCYGVSPTKLNDLCFSNVYADSFVVKGDDVRQIAPGQTGVIADYNYKLPDDFTGCVLAWNTNSLDSSSSGNYNYLYRLFRHSKLKPFERDISNVIYSPGGQPCSGVEGFNCYYPLKSYGFHPTTGVGYQPYRVVVLSFELLNAPATVCGPKLST
AncAsia_tree2,NITNLCPFGEVFNATTFPSVYAWERKRISNCVADYSVLYNST-SFSTFKCYGVSPTKLNDLCFSSVYADSFVVKGDDVRQIAPGQTGVIADYNYKLPDDFTGCVIAWNTNNLDSSSSGNYNYFYRLFRHSKLKPFERDISNEIYSPGGQPCSGVEGFNCYYPLQSYGFHPTTGVGYQPYRVVVLSFELLNAPATVCGPKLST
AncClade2_MAP,NITNLCPFDKVFNATRFPSVYAWERTKISDCVADYTVLYNST-SFSTFKCYGVSPSKLIDLCFTSVYADTFLIRSSEVRQVAPGETGVIADYNYKLPDDFTGCVIAWNTAKQDTGS-----YFYRSHRKTKLKPFERDLSSDDG-------------NGVYTLSTYDFNPNVPVAYQATRVVVLSFELLNAPATVCGPKLST
AncClade2_altALL,NITNLCPFDKVFNATRFPSVYAWERTKISDCVADYTVLYNST-SFSTFKCYGVSPSKLIDLCFTSVYADTFLIRSSEVRQVAPGETGVIADYNYKLPDDFTGCVIAWNTAKQDTGS-----YYYRSHRKTKLKPFERDLSSDE--------------NGVYTLSTYDFNPNVPVAYQATRVVVLSFELLNAPATVCGPKLST
AncClade2_tree2,NITNLCPFDKVFNATRFPSVYAWERTKISDCVADYTVLYNST-SFSTFKCYGVSPSKLIDLCFTSVYADTFLIRSSEVRQVAPGETGVIADYNYKLPDDFTGCVIAWNTAKQDTGS-----YFYRSHRKTKLKPFERDLSSDEG-------------NGVYTLSTYDFNPNVPVAYQATRVVVLSFELLNAPATVCGPKLST
AncSARS2a_MAP,NITNLCPFGEVFNATTFASVYAWNRKRISNCVADYSVLYNST-SFSTFKCYGVSPTKLNDLCFTNVYADSFVVKGDEVRQIAPGQTGVIADYNYKLPDDFTGCVIAWNSNNLDSKTGGNYNYLYRLFRKSKLKPFERDISTEIYQAGSTPCNGVEGFNCYYPLQSYGFHPTTGVGYQPYRVVVLSFELLNAPATVCGPKLST
AncSARS2a_altALL,NITNLCPFGEVFNATTFASVYAWNRKRISNCVADYSVLYNST-SFSTFKCYGVSPTKLNDLCFTNVYADSFVVKGDEVRQIAPGQTGVIADYNYKLPDDFTGCVIAWNSNNLDSSTGGNYNYLYRLFRKSKLKPFERDISTEIYQAGSTPCNGVVGLNCYYPLQSYGFHPTNGVGYQPYRVVVLSFELLNAPATVCGPKLST
AncSARS2c_MAP,NITNLCPFGEVFNATTFASVYAWNRKRISNCVADYSVLYNST-SFSTFKCYGVSPTKLNDLCFTNVYADSFVIRGDEVRQIAPGQTGKIADYNYKLPDDFTGCVIAWNSNNLDSKVGGNYNYLYRLFRKSNLKPFERDISTEIYQAGSTPCNGVEGFNCYFPLQSYGFHPTNGVGYQPYRVVVLSFELLNAPATVCGPKKST
AncSARS1a_MAP,NITNLCPFGEVFNATTFPSVYAWERKRISNCVADYSVLYNST-SFSTFKCYGVSATKLNDLCFSNVYADSFVVKGDDVRQIAPGQTGVIADYNYKLPDDFMGCVLAWNTNNLDSSSSGNYNYLYRSLRHSKLKPFERDISNDIYSPGGQPCS-AVGFNCYYPLNSYGFFTTNGVGYQPYRVVVLSFELLNAPATVCGPKLST
AncSARS1a_altALL,NITNLCPFGEVFNATTFPSVYAWERKRISNCVADYSVLYNST-SFSTFKCYGVSATKLNDLCFSNVYADSFVVKGDDVRQIAPGQTGVIADYNYKLPDDFMGCVLAWNTNSIDSSTSGNYNYLYRLFRRSKLKPFERDISNEIYSPGGKPCS-VEGLNCYYPLRSYGFYTTTGVGYQPYRVVVLSFELLNAPATVCGPKLST
AncSARS1a_tree1,NITNLCPFGEVFNATTFPSVYAWERKRISNCVADYSVLYNST-SFSTFKCYGVSATKLNDLCFSNVYADSFVVKGDDVRQIAPGQTGVIADYNYKLPDDFMGCVLAWNTNSLDSSSSGNYNYLYRSFRHSKLKPFERDISNVIYSPGGQPCS-AVGFNCYYPLRSYGFFTTTGVGYQPYRVVVLSFELLNAPATVCGPKLST
AncSARS1a_tree2,NITNLCPFGEVFNATTFPSVYAWERKRISNCVADYSVLYNST-SFSTFKCYGVSATKLNDLCFSNVYADSFVVKGDDVRQIAPGQTGVIADYNYKLPDDFMGCVLAWNTNNLDSSSSGNYNYLYRSLRHSKLKPFERDISNEIYSPGGQPCS-AVGFNCYYPLRSYGFFTTNGVGYQPYRVVVLSFELLNAPATVCGPKLST
AncSARS1c_MAP,NITNLCPFGEVFNATTFPSVYAWERKRISNCVADYSVLYNST-SFSTFKCYGVSATKLNDLCFSNVYADSFVVKGDDVRQIAPGQTGVIADYNYKLPDDFMGCVLAWNTRNIDATSTGNYNYKYRSLRHGKLRPFERDISNVPFSPDGKPCT-PPAFNCYWPLNDYGFYTTNGIGYQPYRVVVLSFELLNAPATVCGPKLST
AncSARS-CoV-1_MAP,NITNLCPFGEVFNATKFPSVYAWERKRISNCVADYSVLYNST-SFSTFKCYGVSATKLNDLCFSNVYADSFVVKGDDVRQIAPGQTGVIADYNYKLPDDFMGCVLAWNTRNIDATSTGNYNYKYRYLRHGKLRPFERDISNVPFSPDGKPCT-PPALNCYWPLNDYGFYTTSGIGYQPYRVVVLSFELLNAPATVCGPKLST
AncSARS-CoV-1_altALL,NITNLCPFGEVFNATKFPSVYAWERKRISNCVADYSVLYNST-SFSTFKCYGVSATKLNDLCFSNVYADSFVVKGDDVRQIAPGQTGVIADYNYKLPDDFMGCVLAWNTRNIDATSTGNYNYKYRYLRHGKLRPFERDISNVPFSPDGKPCT-PPALNCYWPLNDYGFYTTTGIGYQPYRVVVLSFELLNAPATVCGPKLST
SARS-CoV-2_MN908947,NITNLCPFGEVFNATRFASVYAWNRKRISNCVADYSVLYNSA-SFSTFKCYGVSPTKLNDLCFTNVYADSFVIRGDEVRQIAPGQTGKIADYNYKLPDDFTGCVIAWNSNNLDSKVGGNYNYLYRLFRKSNLKPFERDISTEIYQAGSTPCNGVEGFNCYFPLQSYGFQPTNGVGYQPYRVVVLSFELLHAPATVCGPKKST
Pangolin_GD-consensus_Lam2020,NITNLCPFGEVFNATTFASVYAWNRKRISNCVADYSVLYNST-SFSTFKCYGVSPTKLNDLCFTNVYADSFVVRGDEVRQIAPGQTGRIADYNYKLPDDFTGCVIAWNSNNLDSKVGGNYNYLYRLFRKSNLKPFERDISTEIYQAGSTPCNGVEGFNCYFPLQSYGFHPTNGVGYQPYRVVVLSFELLNAPATVCGPKQST
RaTG13_MN996532,NITNLCPFGEVFNATTFASVYAWNRKRISNCVADYSVLYNST-SFSTFKCYGVSPTKLNDLCFTNVYADSFVITGDEVRQIAPGQTGKIADYNYKLPDDFTGCVIAWNSKHIDAKEGGNFNYLYRLFRKANLKPFERDISTEIYQAGSKPCNGQTGLNCYYPLYRYGFYPTDGVGHQPYRVVVLSFELLNAPATVCGPKKST
Pangolin_GX-P2V_EPI_ISL_410542,NITNLCPFGEVFNASKFASVYAWNRKRISNCVADYSVLYNST-SFSTFKCYGVSPTKLNDLCFTNVYADSFVVKGDEVRQIAPGQTGVIADYNYKLPDDFTGCVIAWNSVKQDALTGGNYGYLYRLFRKSKLKPFERDISTEIYQAGSTPCNGQVGLNCYYPLERYGFHPTTGVNYQPFRVVVLSFELLNGPATVCGPKLST
SARS-CoV-1_Urbani_HP03L_AY278741,NITNLCPFGEVFNATKFPSVYAWERKKISNCVADYSVLYNST-FFSTFKCYGVSATKLNDLCFSNVYADSFVVKGDDVRQIAPGQTGVIADYNYKLPDDFMGCVLAWNTRNIDATSTGNYNYKYRYLRHGKLRPFERDISNVPFSPDGKPCT-PPALNCYWPLNDYGFYTTTGIGYQPYRVVVLSFELLNAPATVCGPKLST
SARS-CoV-1_HGZ8L1-A_HP03E_AY394981,NITNLCPFGEVFNATKFPSVYAWERKRISNCVADYSVLYNST-FFSTFKCYGVSATKLNDLCFSNVYADSFVVKGDDVRQIAPGQTGVIADYNYKLPDDFMGCVLAWNTRNIDATSTGNYNYKYRYLRHGKLRPFERDISNVPFSPDGKPCT-PPALNCYWPLNDYGFYTTTGIGYQPYRVVVLSFELLNAPATVCGPKLST
SARS-CoV-1_GD01_HP03L_AY278489,NITNLCPFGEVFNATKFPSVYAWERKRISNCVADYSVLYNST-FFSTFKCYGVSATKLNDLCFSNVYADSFVVKGDDVRQIAPGQTGVIADYNYKLPDDFMGCVLAWNTRNIDATSTGNYNYKYRYLRHGKLRPFERDISNVPFSPDGKPCT-PPALNCYWPLNDYGFYTTTGIGYQPYRVVVLSYELLNAPATVCGPKLST
SARS-CoV-1_GZ-C_HP03L_AY394979,NITNLCPFGEVFNATKFPSVYAWERKKISNCVADYSVLYNST-FFSTFKCYGVSATKLNDLCFSNVYADSFVVKGDDVRQIAPGQTGVIADYNYKLPDDFMGCVLAWNTRNIDATSTGNHNYKYRYLRHGKLRPFERDISNVPFSPDGKPCT-PPALNCYWPLNDYGFYTTTGIGYQPYRVVVLSFELLNAPATVCGPKLST
SARS-CoV-1_Sino1-11_HP03L_AY485277,NITNLCPFGEVFNATKFPSVYAWERKKISNCVADYSVLYNST-FFSTFKCYGVSATKLNDLCFSNVYADSFVVKGDDVRQIAPGQTGVIADYNYKLPDDFMGCVLAWNTRNIDATSTGNYNYKYRSLRHGKLRPFERDISNVPFSPDGKPCT-PPALNCYWPLNDYGFYTTTGIGYQPYRVVVLSFELLNAPATVCGPKLST
SARS-CoV-1_Sin852_HP03L_AY559082,NITNLCPFGEVFNATKFPSVYAWERKKISNCVADYFVLYNST-FFSTFKCYGVSATKLNDLCFSNVYADSFVVKGDDVRQIAPGQTGVIADYNYKLPDDFMGCVLAWNTRNIDATSTGNYNYKYRYLRHGKLRPFERDISNVPFSPDGKPCT-PPALNCYWPLNDYGFYTTTGIGYQPYRVVVLSFELLNAPATVCGPKLST
SARS-CoV-1_SZ1_PC03_AY304489,NITNLCPFGEVFNATKFPSVYAWERKRISNCVADYSVLYNST-SFSTFKCYGVSATKLNDLCFSNVYADSFVVKGDDVRQIAPGQTGVIADYNYKLPDDFMGCVLAWNTRNIDATSTGNYNYKYRYLRHGKLRPFERDISNVPFSPDGKPCT-PPALNCYWPLKDYGFYTTSGIGYQPYRVVVLSFELLNAPATVCGPKLST
SARS-CoV-1_GD03T0013_HP04_AY525636,NITNLCPFGEVFNATKFPSVYAWERKRISNCVADYSVLYNST-SFSTFKCYGVSATKLNDLCFSNVYADSFVVKGDDVRQIAPGQTGVIADYNYKLPDDFMGCVLAWNTRNIDATSTGNYNYKYRYLRHGKLRPFERDISNVPFSPDGKPCT-PPAPNCYWPLNGYGFYTTSGIGYQPYRVVVLSFELLNAPATVCGPKLST
SARS-CoV-1_GZ0402_HP04_AY613947,NITNLCPFGEVFNATKFPSVYAWERKRISNCVADYSVLYNST-SFSTFKCYGVSATKLNDLCFSNVYADSFVVKGDDVRQIAPGQTGVIADYNYKLPDDFMGCVLAWNIRNIDATSTGNYNYKYRYLRHGKLRPFERDISNVPFSPDGKPCT-PPAPNCYWPLNGYGFYTTSGIGYQPYRVVVLSFELLNAPATVCGPKLST
SARS-CoV-1_PC4-127_PC04_AY613951,NITNLCPFGEVFNATKFPSVYAWERKRISNCVADYSVLYNST-SFSTFKCYGVSATKLNDLCFSNVYADSFVVKGDDVRQIAPGQTGVIADYNYKLPDDFMGCVLAWNTRNIDATSTGNYNYKYRYLRHGKLRPFERDISNVPFSPDGKPCT-PPAPNCYWPLRGYGFYTTSGIGYQPYRVVVLSFELLNAPATVCGPKLST
SARS-CoV-1_PC4-137_PC04_AY627045,NITNLCPFGEVFNATKFPSVYAWERKRISNCVADYSVLYNST-SFSTFKCYGVSATKLNDLCFSNVYADSFVVKGDDVRQIAPGQTGVIADYNYKLPDDFMGCVLAWNTRNIDATSTGNYNYKYRYLRHGKLRPFERDISNVPFSPDGKPCT-PPAPNCYWPLKGYGFYTTSGIGYQPYRVVVLSFELLNAPATVCGPKLST
SARS-CoV-1_PC4-13_PC04_AY613948,NITNLCPFGEVFNATKFPPVYAWERKRISNCVADYSVLYNST-SFSTFKCYGVSATKLNDLCFSNVYADSFVVKGDDVRQIAPGQTGVIADYNYKLPDDFMGCVLAWNTRNIDATSTGNYNYKYRYLRHGKLRPFERDISNVPFSSDGKPCT-PPAPNCYWPLRGYGFYTTSGIGYQPYRVVVLSFELLNAPATVCGPKLST
WIV1_KF367457,NITNLCPFGEVFNATTFPSVYAWERKRISNCVADYSVLYNST-SFSTFKCYGVSATKLNDLCFSNVYADSFVVKGDDVRQIAPGQTGVIADYNYKLPDDFTGCVLAWNTRNIDATQTGNYNYKYRSLRHGKLRPFERDISNVPFSPDGKPCT-PPAFNCYWPLNDYGFYITNGIGYQPYRVVVLSFELLNAPATVCGPKLST
Rs7327_KY417151,NITNLCPFGEVFNATTFPSVYAWERKRISNCVADYSVLYNST-SFSTFKCYGVSATKLNDLCFSNVYADSFVVKGDDVRQIAPGQTGVIADYNYKLPDDFMGCVLAWNTRNIDATSTGNYNYKYRSLRHGKLRPFERDISNVPFSPDGKPCT-PPAFNCYWPLNDYGFFTTNGIGYQPYRVVVLSFELLNAPATVCGPKLST
LYRa11_KF569996,NITNLCPFGEVFNATTFPSVYAWERKRISNCVADYSVLYNST-SFSTFKCYGVSAIKLNDLCFSNVYADSFVVKGDDVRQIAPGQTGVIADYNYKLPDDFMGCVLAWNTRNIDATSSGNFNYKYRSLRHGKLRPFERDISNVPFSPDGKPCT-PPAFNCYWPLNDYGFYTTNGIGYQPYRVVVLSFELLNAPATVCGPKLST
Rs4231_KY417146,NITNLCPFGEVFNATTFPSVYAWERKRISNCVADYSVLYNST-SFSTFKCYGVSATKLNDLCFSNVYADSFVVKGDDVRQIAPGQTGVIADYNYKLPDDFLGCVLAWNTNSKDSSTSGNYNYLYRWVRRSKLNPYERDLSNDIYSPGGQSCS-AIGPNCYNPLRPYGFFTTAGVGHQPYRVVVLSFELLNAPATVCGPKLST
RsSHC014_KC881005,NITNLCPFGEVFNATTFPSVYAWERKRISNCVADYSVLYNST-SFSTFKCYGVSATKLNDLCFSNVYADSFVVKGDDVRQIAPGQTGVIADYNYKLPDDFLGCVLAWNTNSKDSSTSGNYNYLYRWVRRSKLNPYERDLSNDIYSPGGQSCS-AVGPNCYNPLRPYGFFTTAGVGHQPYRVVVLSFELLNAPATVCGPKLST
Rs4084_KY417144,NITNLCPFGEVFNATTFPSVYAWERKRISNCVADYSILYNST-SFSTFKCYGVSATKLNDLCFSNVYADSFVVKGDDVRQIAPGQTGVIADYNYKLPDDFLGCVLAWNTNSKDSSTSGNYNYLYRWVRRSKLNPYERDLSNDIYSPGGQSCS-AVGPNCYNPLRPYGFFTTAGVGHQPYRVVVLSFELLNAPATVCGPKLST
BM48-31_NC014470,NITQLCPFNEVFNITSFPSVYAWERMRITNCVADYSVLYNSSASFSTFQCYGVSPTKLNDLCFSSVYADYFVVKGDDVRQIAPAQTGVIADYNYKLPDDFTGCVIAWNTNSLDSS----NEFFYRRFRHGKIKPYGRDLSNVLFNPSGGTCSA-EGLNCYKPLASYGFTQSSGIGFQPYRVVVLSFELLNAPATVCGPKQST
BtKY72_KY352407,NITNLCPFGQVFNASNFPSVYAWERLRISDCVADYAVLYNSSSSFSTFKCYGVSPTKLNDLCFSSVYADYFVVKGDDVRQIAPAQTGVIADYNYKLPDDFTGCVLAWNTNSVDSKS--GNNFYYRLFRHGKIKPYERDISNVLYNSAGGTCSSISQLGCYEPLKSYGFTPTVGVGYQPYRVVVLSFELLNAPATVCGPKKST
ZXC21_MG772934,NITNVCPFHKVFNATRFPSVYAWERTKISDCIADYTVFYNST-SFSTFKCYGVSPSKLIDLCFTSVYADTFLIRFSEVRQVAPGQTGVIADYNYKLPDDFTGCVIAWNTAKQDTGH-----YFYRSHRSTKLKPFERDLSSDE--------------NGVRTLSTYDFNPNVPLEYQATRVVVLSFELLNAPATVCGPKLST
ZC45_MG772933,NITNVCPFHKVFNATRFPSVYAWERTKISDCIADYTVFYNST-SFSTFKCYGVSPSKLIDLCFTSVYADTFLIRFSEVRQVAPGQTGVIADYNYKLPDDFTGCVIAWNTAKQDVGN-----YFYRSHRSTKLKPFERDLSSDE--------------NGVRTLSTYDFNPNVPLEYQATRVVVLSFELLNAPATVCGPKLST
JL2012_KJ473811,NITNVCPFDKVFNATRFPSVYAWERTKISDCVADYTVFYNST-SFSTFNCYGVSPSKLIDLCFTSVYADTFLIRFSEVRQVAPGQTGVIADYNYKLPDDFIGCVIAWNTAKQDVGS-----YFYRSHRSSKLKPFERDLSSEE--------------NGVLTLSTYDFNQNVPLEYQATRVVVLSFELLNAPATVCGPKLST
Rf1_DQ412042,NITNLCPFDKVFNATRFPSVYAWERTKISDCVADYTVFYNST-SFSTFNCYGVSPSKLIDLCFTSVYADTFLIRFSEVRQVAPGQTGVIADYNYKLPDDFTGCVIAWNTAKQDVGS-----YFYRSHRSSKLKPFERDLSSEE--------------NGVRTLSTYDFNQNVPLEYQATRVVVLSFELLNAPATVCGPKLST
HeB2013_KJ473812,NITNLCPFDKVFNATRFPSVYAWERTKISDCVADYTVFYNST-SFSTFNCYGVSPSKLIDLCFTSVYADTFLIRFSEVRQVAPGQTGVIADYNYKLPDDFTGCVIAWNTAKQDVGS-----YFYRSHRSSKLKPFERDLSSEE--------------NGVRTLSTYDFNQYVPLEYQATRVVVLSFELLNAPATVCGPKLST
273-2005_DQ648856,NITNLCPFDKVFNATRFPSVYAWERTKISDCVADYTVFYNST-SFSTFNCYGVSPSKLIDLCFTSVYADTFLIRFSEVRQVAPGQTGVIADYNYKLPDDFTGCVIAWNTAKQDVGS-----YFYRSHRSSKLKPFERDLSSVE--------------ENGRTLSTYDFNQNVPLEYQATRVVVLSFELLNAPATVCGPKLST
Rf4092_KY417145,NITNLCPFDAVFNATRFPSVYAWERVKISNCVADYTAFYNST-SFSTFKCYGVSPSKLIDLCFTSVYADTFLIRFSEVRQVAPGETGVIADYNYKLPDDFTGCVIAWNTAKQDVGS-----YFYRSHRSSKLKPFERDLSSDE--------------NGVRTLSTYDFNPNVPLDYQATRVVVLSFELLNAPATVCGPKLST
YN2013_KJ473816,NITNRCPFDSIFNASRFPSVYAWERTKISDCVADYTVLYNST-LFSTFKCYGVSPSKLIDLCFTSVYADTFLIRFSEVRQVAPGETGVIADYNYRLPDDFTGCVIAWNTANQDVGS-----YFYRSHRSTKLKPFERDLSSDE--------------NGVRTLSTYDFNPNVPLDYQATRVVVLSFELLNAPATVCGPKLST
RmYN02_EPI_ISL_412977,NITNFCPFDKVFNATRFPNVYAWQRTKISDCIADYTVLYNST-SFSTFKCYGVSPSKLIDLCFTSVYADTFLIRFSEVRQIAPGETGVIADYNYKLPDDFTGCVLAWNTAQQDIGS-----YFYRSHRAVKLKPFERDLSSDE--------------NGVRTLSTYDFNPNVPLDYQATRVVVLSFELLNAPATVCGPKLST
As6526_KY417142,NITNRCPFDKVFNATRFPSVYAWERTKISDCVADYTVLYNST-SFSTFKCYGVSPSKLIDLCFTSVYADTFLIRSSEVRQVAPGETGVIADYNYKLPDDFTGCVIAWNTAQQDKGQ-----YYYRSSRKTKLKPFERDLSSDE--------------NGVRTLSTYDFYPTVPIEYQATRVVVLSFELLNAPATVCGPKLST
Rs4237_KY417147,NITNRCPFDKVFNASRFPNVYAWERTKISDCVADYTVLYNST-SFSTFKCYGVSPSKLIDLCFTSVYADTFLIRSSEVRQVAPGETGVIADYNYKLPDDFTGCVIAWNTAKQDQGQ-----YYYRSSRKTKLKPFERDLSSDE--------------NGVRTLSTYDFYPTVPIEYQATRVVVLSFELLNAPATVCGPKLST
Rs4081_KY417143,NITNRCPFDKVFNASRFPNVYAWERTKISDCVADYTVLYNST-SFSTFKCYGVSPSKLIDLCFTSVYADTFLIRSSEVRQVAPGETGVIADYNYKLPDDFTGCVIAWNTAKQDQGQ-----YYYRSSRKTKLKPFERDLTSDE--------------NGVRTLSTYDFYPNVPIEYQATRVVVLSFELLNAPATVCGPKLST
Rp3_DQ071615,NITNRCPFDKVFNATRFPNVYAWERTKISDCVADYTVLYNST-SFSTFKCYGVSPSKLIDLCFTSVYADTFLIRSSEVRQVAPGETGVIADYNYKLPDDFTGCVIAWNTAKQDQGQ-----YYYRSHRKTKLKPFERDLSSDE--------------NGVRTLSTYDFYPSVPVAYQATRVVVLSFELLNAPATVCGPKLST
279-2005_DQ648857,NITNRCPFDKVFNASRFPNVYAWERTKISDCVADYTVLYNST-SFSTFKCYGVSPSKLIDLCFTSVYADTFLIRSSEVRQVAPGETGVIADYNYKLPDDFTGCVIAWNTAQQDQGQ-----YYYRSYRKEKLKPFERDLSSDE--------------NGVYTLSTYDFYPSIPVEYQATRVVVLSFELLNAPATVCGPKLST
Shaanxi2011_JX993987,NITNRCPFDKVFNATRFPSVYAWERTKISDCVADYTVLYNST-SFSTFKCYGVSPSKLIDLCFTSVYADTFLIRSSEVRQVAPGETGVIADYNYKLPDDFTGCVIAWNTANQDQGQ-----YYYRSSRKEKLKPFERDLSSDE--------------NGVYTLSTYDFYPSVPLDYQATRVVVLSFELLNAPATVCGPKLST
Yunnan2011_JX993988,NITNRCPFDRVFNASRFPSVYAWERTKISDCVADYTVLYNST-SFSTFKCYGVSPSKLIDLCFTSVYADTFLIRFSEVRQIAPGETGVIADYNYKLPDEFTGCVIAWNTANQDRGQ-----YYYRSSRKTKLKPFERDLSSDE--------------NGVRTLSTYDFYPSVPLEYQATRVVVLSFELLNAPATVCGPKLST
Rs4247_KY417148,NITNRCPFDKVFNASRFPNVYAWERTKISDCVADYTVLYNST-SFSTFKCYGVSPSKLIDLCFTSVYADTFLIRSSEVRQVAPGETGVIADYNYKLPDDFTGCVIAWNTAKQDTGH-----YYYRSHRKTKLKPFERDLSSDDG-------------NGVYTLSTYDFNPNVPVAYQATRVVVLSFELLNAPATVCGPKLST
HKU3-1_DQ022305,NITNRCPFDKVFNATRFPNVYAWERTKISDCVADYTVLYNST-SFSTFKCYGVSPSKLIDLCFTSVYADTFLIRSSEVRQVAPGETGVIADYNYKLPDDFTGCVIAWNTAKHDTGN-----YYYRSHRKTKLKPFERDLSSDDG-------------NGVYTLSTYDFNPNVPVAYQATRVVVLSFELLNAPATVCGPKLST
GX2013_KJ473815,NITNRCPFDKVFNATRFPNVYAWERTKISDCVADYTVLYNST-SFSTFKCYGVSPSKLIDLCFTSVYADTFLIRSSEVRQVAPGETGVIADYNYKLPDDFTGCVIAWNTAKQDTGN-----YYYRSHRKTKLKPFERDLSSDDG-------------NGVYTLSTYDFNPNVPVAYQATRVVVLSFELLNAPATVCGPKLST
Longquan-140_KF294457,NITNRCPFDKVFNVTRFPNVYAWERTKISDCVADYTVLYNST-SFSTFKCYGVSPSKLIDLCFTSVYADTFLIRSSEVRQVAPGETGVIADYNYKLPDDFTGCVIAWNTAKQDIGN-----YYYRSHRKTKLKPFERDLSSDDG-------------NGVYTLSTYDFNPNVPVAYQATRVVVLSFELLNAPATVCGPKLST
HKU3-8_GQ153543,NITNRCPFDRVFNASRFPSVYAWERTKISECVADYTVLYNST-SFSTFKCYGVSPSKLIDLCFTSVYADTFLIRSSEVRQVAPGETGVIADYNYKLPDDFTGCVIAWNTAKQDTGN-----YYYRSHRKTKLKPFERDLSSDDG-------------NGVYTLSTYDFNPNVPVAYQATRVVVLSFELLNAPATVCGPKLST
HuB2013_KJ473814,NITNRCPFDRVFNASRFPSVYAWERTKISDCVADYTVLYNST-SFSTFKCYGVSPSKLIDLCFTSVYADTFLIRSSEVRQVAPGETGVIADYNYKLPDDFTGCVIAWNTAKQDTGY-----YYYRSHRKTKLKPFERDLSSDDG-------------NGVYTLSTYDFNPNVPVAYQATRVVVLSFELLNAPATVCGPKLST
Hp-BCoV_Zhejiang_2013_KF636752,DVSAECPFQSLINVTTIPSPAFWRRHYVRNCNYDISVFTDNA-DVYSLQCYGVAPSSLADMCWEEAHIDYMKISEKDIFSFKPSGAGDFAKYNYKLPSDFMGCTVVFTNQELTCNATSGEATAWDKSHYESIERYQMWSSENVYNCELQEVG--PQQFNRMPRNCYVRSNNSNDYWQPMSAMAITLKPTRTSATVCGYKQTT